INSERT INTO public."Users" ("Id", "CreatedAt", "Email", "FirstName", "LastName", "Password", "RecoveryToken", "Role", "Roles", "UpdatedAt", "Username") VALUES
                                                                                                                                                            ('1', NOW(), 'user1@example.com', 'John', 'Doe', 'password123', NULL, 1, 'user', NOW(), 'johndoe'),
                                                                                                                                                            ('2', NOW(), 'user2@example.com', 'Jane', 'Smith', 'password123', NULL, 1, 'user', NOW(), 'janesmith'),
                                                                                                                                                            ('3', NOW(), 'user3@example.com', 'Alice', 'Johnson', 'password123', NULL, 1, 'user', NOW(), 'alicejohnson'),
                                                                                                                                                            ('4', NOW(), 'user4@example.com', 'Bob', 'Brown', 'password123', NULL, 1, 'user', NOW(), 'bobbrown'),
                                                                                                                                                            ('5', NOW(), 'user5@example.com', 'Charlie', 'Davis', 'password123', NULL, 1, 'user', NOW(), 'charliedavis'),
                                                                                                                                                            ('6', NOW(), 'user6@example.com', 'David', 'Wilson', 'password123', NULL, 1, 'user', NOW(), 'davidwilson'),
                                                                                                                                                            ('7', NOW(), 'user7@example.com', 'Eva', 'Garcia', 'password123', NULL, 1, 'user', NOW(), 'evagarcia'),
                                                                                                                                                            ('8', NOW(), 'user8@example.com', 'Frank', 'Martinez', 'password123', NULL, 1, 'user', NOW(), 'frankmartinez'),
                                                                                                                                                            ('9', NOW(), 'user9@example.com', 'Grace', 'Lopez', 'password123', NULL, 1, 'user', NOW(), 'gracelopez'),
                                                                                                                                                            ('10', NOW(), 'user10@example.com', 'Henry', 'Gonzalez', 'password123', NULL, 1, 'user', NOW(), 'henrygonzalez'),
                                                                                                                                                            ('11', NOW(), 'user11@example.com', 'Isabella', 'Hernandez', 'password123', NULL, 1, 'user', NOW(), 'isabellahernandez'),
                                                                                                                                                            ('12', NOW(), 'user12@example.com', 'Jack', 'Clark', 'password123', NULL, 1, 'user', NOW(), 'jackclark'),
                                                                                                                                                            ('13', NOW(), 'user13@example.com', 'Kathy', 'Rodriguez', 'password123', NULL, 1, 'user', NOW(), 'kathyrodriguez'),
                                                                                                                                                            ('14', NOW(), 'user14@example.com', 'Liam', 'Lewis', 'password123', NULL, 1, 'user', NOW(), 'liamlewis'),
                                                                                                                                                            ('15', NOW(), 'user15@example.com', 'Mia', 'Lee', 'password123', NULL, 1, 'user', NOW(), 'mialee'),
                                                                                                                                                            ('16', NOW(), 'user16@example.com', 'Noah', 'Walker', 'password123', NULL, 1, 'user', NOW(), 'noahwalker'),
                                                                                                                                                            ('17', NOW(), 'user17@example.com', 'Olivia', 'Hall', 'password123', NULL, 1, 'user', NOW(), 'oliviahall'),
                                                                                                                                                            ('18', NOW(), 'user18@example.com', 'Paul', 'Allen', 'password123', NULL, 1, 'user', NOW(), 'paulallen'),
                                                                                                                                                            ('19', NOW(), 'user19@example.com', 'Quinn', 'Young', 'password123', NULL, 1, 'user', NOW(), 'quinnyoung'),
                                                                                                                                                            ('20', NOW(), 'user20@example.com', 'Rachel', 'King', 'password123', NULL, 1, 'user', NOW(), 'rachelking');


INSERT INTO public."Events" ("Id", "CreatedAt", "Date", "Description", "Location", "Time", "Title", "UpdatedAt") VALUES
                                                                                                                     ('1', NOW(), '2024-01-15 10:00:00+00', 'Annual Tech Conference focusing on the latest trends in technology.', 'Convention Center, City A', '2024-01-15 09:00:00+00', 'Tech Conference 2024', NOW()),
                                                                                                                     ('2', NOW(), '2024-02-20 18:00:00+00', 'Networking event for local entrepreneurs and startups.', 'Downtown Cafe, City B', '2024-02-20 17:00:00+00', 'Startup Networking Night', NOW()),
                                                                                                                     ('3', NOW(), '2024-03-05 14:00:00+00', 'Workshop on digital marketing strategies for small businesses.', 'Community Center, City C', '2024-03-05 13:00:00+00', 'Digital Marketing Workshop', NOW()),
                                                                                                                     ('4', NOW(), '2024-04-10 09:00:00+00', 'Annual charity run to support local charities.', 'City Park, City D', '2024-04-10 08:00:00+00', 'Charity Run 2024', NOW()),
                                                                                                                     ('5', NOW(), '2024-05-25 19:00:00+00', 'Concert featuring local bands and artists.', 'City Stadium, City E', '2024-05-25 18:00:00+00', 'Local Music Fest', NOW()),
                                                                                                                     ('6', NOW(), '2024-06-15 11:00:00+00', 'Art exhibition showcasing local artists.', 'Art Gallery, City F', '2024-06-15 10:00:00+00', 'Art in the Park', NOW()),
                                                                                                                     ('7', NOW(), '2024-07-30 16:00:00+00', 'Food festival featuring cuisines from around the world.', 'City Square, City G', '2024-07-30 15:00:00+00', 'Global Food Festival', NOW()),
                                                                                                                     ('8', NOW(), '2024-08-20 20:00:00+00', 'Outdoor movie night featuring classic films.', 'City Park, City H', '2024-08-20 19:00:00+00', 'Movie Night Under the Stars', NOW()),
                                                                                                                     ('9', NOW(), '2024-09-10 15:00:00+00', 'Tech workshop on building mobile applications.', 'Tech Hub, City I', '2024-09-10 14:00:00+00', 'Mobile App Development Workshop', NOW()),
                                                                                                                     ('10', NOW(), '2024-10-05 12:00:00+00', 'Annual book fair with local authors and publishers.', 'Library, City J', '2024-10-05 11:00:00+00', 'City Book Fair', NOW()),
                                                                                                                     ('11', NOW(), '2024-11-15 17:00:00+00', 'Fashion show featuring local designers.', 'Fashion Center, City K', '2024-11-15 16:00:00+00', 'Local Fashion Week', NOW()),
                                                                                                                     ('12', NOW(), '2024-12-01 10:00:00+00', 'Holiday market with local crafts and food vendors.', 'City Hall, City L', '2024-12-01 09:00:00+00', 'Holiday Market 2024', NOW()),
                                                                                                                     ('13', NOW(), '2024-01-20 13:00:00+00', 'Seminar on financial literacy for young adults.', 'Community Center, City M', '2024-01-20 12:00:00+00', 'Financial Literacy Seminar', NOW()),
                                                                                                                     ('14', NOW(), '2024-02-25 15:00:00+00', 'Yoga retreat for relaxation and mindfulness.', 'Wellness Center, City N', '2024-02-25 14:00:00+00', 'Mindfulness Yoga Retreat', NOW()),
                                                                                                                     ('15', NOW(), '2024-03-30 11:00:00+00', 'Science fair showcasing projects from local schools.', 'School Gym, City O', '2024-03-30 10:00:00+00', 'Annual Science Fair', NOW()),
                                                                                                                     ('16', NOW(), '2024-04-25 19:00:00 +00', 'Gala dinner to raise funds for community projects.', 'Grand Hotel, City P', '2024-04-25 18:00:00+00', 'Community Gala 2024', NOW()),
                                                                                                                     ('17', NOW(), '2024-05-10 14:00:00+00', 'Photography workshop for beginners.', 'Photography Studio, City Q', '2024-05-10 13:00:00+00', 'Beginner Photography Workshop', NOW()),
                                                                                                                     ('18', NOW(), '2024-06-05 16:00:00+00', 'Annual pet adoption event with local shelters.', 'City Park, City R', '2024-06-05 15:00:00+00', 'Pet Adoption Day', NOW()),
                                                                                                                     ('19', NOW(), '2024-07-20 11:00:00+00', 'Cooking class featuring international cuisines.', 'Culinary School, City S', '2024-07-20 10:00:00+00', 'International Cooking Class', NOW()),
                                                                                                                     ('20', NOW(), '2024-08-15 19:00:00+00', 'Live theater performance by local artists.', 'Theater Hall, City T', '2024-08-15 18:00:00+00', 'Local Theater Night', NOW());

INSERT INTO public."Feedbacks" ("Id", "Comment", "CreatedAt", "EventId", "Rating", "UpdatedAt", "UserId") VALUES
                                                                                                              ('1', 'Great event! Learned a lot about technology.', NOW(), '1', 5, NOW(), '1'),
                                                                                                              ('2', 'Networking opportunities were fantastic.', NOW(), '2', 4, NOW(), '2'),
                                                                                                              ('3', 'The workshop was very informative and well-organized.', NOW(), '3', 5, NOW(), '3'),
                                                                                                              ('4', 'Had a great time at the charity run!', NOW(), '4', 5, NOW(), '4'),
                                                                                                              ('5', 'The concert was amazing, loved the local bands!', NOW(), '5', 4, NOW(), '5'),
                                                                                                              ('6', 'Art exhibition was beautiful, very inspiring.', NOW(), '6', 5, NOW(), '6'),
                                                                                                              ('7', 'Food festival had a great variety of cuisines.', NOW(), '7', 4, NOW(), '7'),
                                                                                                              ('8', 'Movie night was fun, great selection of films.', NOW(), '8', 4, NOW(), '8'),
                                                                                                              ('9', 'The mobile app workshop was very helpful.', NOW(), '9', 5, NOW(), '9'),
                                                                                                              ('10', 'Enjoyed the book fair, met some great authors.', NOW(), '10', 4, NOW(), '10'),
                                                                                                              ('11', 'Fashion show was impressive, loved the designs.', NOW(), '11', 5, NOW(), '11'),
                                                                                                              ('12', 'Holiday market was delightful, great atmosphere.', NOW(), '12', 4, NOW(), '12'),
                                                                                                              ('13', 'The financial literacy seminar was very useful.', NOW(), '13', 5, NOW(), '13'),
                                                                                                              ('14', 'Yoga retreat was relaxing and rejuvenating.', NOW(), '14', 5, NOW(), '14'),
                                                                                                              ('15', 'Science fair showcased some amazing projects.', NOW(), '15', 4, NOW(), '15'),
                                                                                                              ('16', 'Community gala was a wonderful experience.', NOW(), '16', 5, NOW(), '16'),
                                                                                                              ('17', 'Photography workshop was well-structured.', NOW(), '17', 4, NOW(), '17'),
                                                                                                              ('18', 'Pet adoption day was heartwarming, great initiative.', NOW(), '18', 5, NOW(), '18'),
                                                                                                              ('19', 'Cooking class was fun and informative.', NOW(), '19', 4, NOW(), '19'),
                                                                                                              ('20', 'The theater performance was outstanding!', NOW(), '20', 5, NOW(), '20');

INSERT INTO public."Notifications" ("Id", "CreatedAt", "DateSent", "EventId", "Message", "UpdatedAt", "UserId") VALUES
                                                                                                                    ('1', NOW(), '2024-01-10 10:00:00+00', '1', 'Reminder: Tech Conference 2024 is coming up!', NOW(), '1'),
                                                                                                                    ('2', NOW(), '2024-02-15 18:00:00+00', '2', 'Don’t miss the Startup Networking Night tomorrow!', NOW(), '2'),
                                                                                                                    ('3', NOW(), '2024-03-01 14:00:00+00', '3', 'Join us for the Digital Marketing Workshop next week.', NOW(), '3'),
                                                                                                                    ('4', NOW(), '2024-04-05 09:00:00+00', '4', 'Get ready for the Annual Charity Run this weekend!', NOW(), '4'),
                                                                                                                    ('5', NOW(), '2024-05-20 19:00:00+00', '5', 'Tickets for the Local Music Fest are now available!', NOW(), '5'),
                                                                                                                    ('6', NOW(), '2024-06-10 11:00:00+00', '6', 'Art in the Park exhibition starts this Saturday!', NOW(), '6'),
                                                                                                                    ('7', NOW(), '2024-07-25 16:00:00+00', '7', 'Join us for the Global Food Festival next month!', NOW(), '7'),
                                                                                                                    ('8', NOW(), '2024-08-15 20:00:00+00', '8', 'Outdoor Movie Night: Bring your blankets and snacks!', NOW(), '8'),
                                                                                                                    ('9', NOW(), '2024-09-05 15:00:00+00', '9', 'Don’t forget the Mobile App Development Workshop next week.', NOW(), '9'),
                                                                                                                    ('10', NOW(), '2024-10-01 12:00:00+00', '10', 'City Book Fair is happening this weekend!', NOW(), '10'),
                                                                                                                    ('11', NOW(), '2024-11-10 17:00:00+00', '11', 'Fashion Week is here! Check out the latest designs.', NOW(), '11'),
                                                                                                                    ('12', NOW(), '2024-12-01 10:00:00+00', '12', 'Holiday Market starts tomorrow! Don’t miss it!', NOW(), '12'),
                                                                                                                    ('13', NOW(), '2024-01-15 13:00:00+00', '13', 'Financial Literacy Seminar is next week. Sign up now!', NOW(), '13'),
                                                                                                                    ('14', NOW(), '2024-02-20 15:00:00+00', '14', 'Mindfulness Yoga Retreat is coming up soon!', NOW(), '14'),
                                                                                                                    ('15', NOW(), '2024-03-30 11:00:00+00', '15', 'Annual Science Fair is just around the corner!', NOW(), '15'),
                                                                                                                    ('16', NOW(), '2024-04-25 19:00:00+00', '16', 'Community Gala tickets are now available!', NOW(), '16'),
                                                                                                                    ('17', NOW(), '2024-05-10 14:00:00+00', '17', 'Photography Workshop starts next month. Register now!', NOW(), '17'),
                                                                                                                    ('18', NOW(), '2024-06-05 16:00:00+00', '18', 'Pet Adoption Day is happening soon! Come find your new friend.', NOW(), '18'),
                                                                                                                    ('19', NOW(), '2024-07-20 11:00:00+00', '19', 'Join our International Cooking Class next week!', NOW(), '19'),
                                                                                                                    ('20', NOW(), '2024-08-15 19:00:00+00', '20', 'Don’t miss the Local Theater Night this weekend!', NOW(), '20');

INSERT INTO public."ParticipantRegistrations" ("Id", "CreatedAt", "EventId", "Status", "UpdatedAt", "UserId") VALUES
                                                                                                                  ('1', NOW(), '1', 1, NOW(), '1'),
                                                                                                                  ('2', NOW(), '1', 1, NOW(), '2'),
                                                                                                                  ('3', NOW(), '2', 1, NOW(), '3'),
                                                                                                                  ('4', NOW(), '2', 1, NOW(), '4'),
                                                                                                                  ('5', NOW(), '3', 1, NOW(), '5'),
                                                                                                                  ('6', NOW(), '3', 1, NOW(), '6'),
                                                                                                                  ('7', NOW(), '4', 1, NOW(), '7'),
                                                                                                                  ('8', NOW(), '4', 1, NOW(), '8'),
                                                                                                                  ('9', NOW(), '5', 1, NOW(), '9'),
                                                                                                                  ('10', NOW(), '5', 1, NOW(), '10'),
                                                                                                                  ('11', NOW(), '6', 1, NOW(), '11'),
                                                                                                                  ('12', NOW(), '6', 1, NOW(), '12'),
                                                                                                                  ('13', NOW(), '7', 1, NOW(), '13'),
                                                                                                                  ('14', NOW(), '7', 1, NOW(), '14'),
                                                                                                                  ('15', NOW(), '8', 1, NOW(), '15'),
                                                                                                                  ('16', NOW(), '8', 1, NOW(), '16'),
                                                                                                                  ('17', NOW(), '9', 1, NOW(), '17'),
                                                                                                                  ('18', NOW(), '9', 1, NOW(), '18'),
                                                                                                                  ('19', NOW(), '10', 1, NOW(), '19'),
                                                                                                                  ('20', NOW(), '10', 1, NOW(), '20');

INSERT INTO public."Sessions" ("Id", "CreatedAt", "EndTime", "EventId", "Location", "StartTime", "Title", "UpdatedAt") VALUES
                                                                                                                           ('1', NOW(), '2024-01-10 12:00:00+00', '1', 'Conference Hall A', '2024-01-10 10:00:00+00', 'Opening Keynote', NOW()),
                                                                                                                           ('2', NOW(), '2024-01-10 14:00:00+00', '1', 'Conference Hall B', '2024-01-10 13:00:00+00', 'Panel Discussion: Future of Tech', NOW()),
                                                                                                                           ('3', NOW(), '2024-01-11 11:00:00+00', '2', 'Room 101', '2024-01-11 09:00:00+00', 'Networking Strategies', NOW()),
                                                                                                                           ('4', NOW(), '2024-01-11 15:00:00+00', '2', 'Room 102', '2024-01-11 13:00:00+00', 'Building Your Brand', NOW()),
                                                                                                                           ('5', NOW(), '2024-01-12 10:00:00+00', '3', 'Room 201', '2024-01-12 09:00:00+00', 'Digital Marketing 101', NOW()),
                                                                                                                           ('6', NOW(), '2024-01-12 12:00:00+00', '3', 'Room 202', '2024-01-12 11:00:00+00', 'SEO Best Practices', NOW()),
                                                                                                                           ('7', NOW(), '2024-01-13 10:00:00+00', '4', 'Outdoor Stage', '2024-01-13 09:00:00+00', 'Charity Run Warm-up', NOW()),
                                                                                                                           ('8', NOW(), '2024-01-13 12:00:00+00', '4', 'Outdoor Stage', '2024-01-13 11:00:00+00', 'Charity Run Start', NOW()),
                                                                                                                           ('9', NOW(), '2024-01-14 10:00:00+00', '5', 'Main Auditorium', '2024-01-14 09:00:00+00', 'Local Bands Showcase', NOW()),
                                                                                                                           ('10', NOW(), '2024-01-14 13:00:00+00', '5', 'Main Auditorium', '2024-01-14 12:00:00+00', 'Headliner Performance', NOW()),
                                                                                                                           ('11', NOW(), '2024-01-15 10:00:00+00', '6', 'Gallery Room', '2024-01-15 09:00:00+00', 'Art Techniques Workshop', NOW()),
                                                                                                                           ('12', NOW(), '2024-01-15 12:00:00+00', '6', 'Gallery Room', '2024-01-15 11:00:00+00', 'Meet the Artists', NOW()),
                                                                                                                           ('13', NOW(), '2024-01-16 10:00:00+00', '7', 'Food Court', '2024-01-16 09:00:00+00', 'Culinary Demonstration', NOW()),
                                                                                                                           ('14', NOW(), '2024-01-16 12:00:00+00', '7', 'Food Court', '2024-01-16 11:00:00+00', 'Tasting Session', NOW()),
                                                                                                                           ('15', NOW(), '2024-01-17 10:00:00+00', '8', 'Cinema Hall', '2024-01-17 09:00:00+00', 'Film Screening: Indie Shorts', NOW()),
                                                                                                                           ('16', NOW(), '2024-01-17 12:00:00+00', '8', 'Cinema Hall', '2024-01-17 11:00:00+00', 'Q&A with Filmmakers', NOW()),
                                                                                                                           ('17', NOW(), '2024-01-18 10:00:00+00', '9', 'Tech Lab', '2024-01-18 09:00:00+00', 'App Development Workshop', NOW()),
                                                                                                                           ('18', NOW(), '2024-01-18 12:00:00+00', '9', 'Tech Lab', '2024-01-18  11:00:00+00', 'Advanced Coding Techniques', NOW()),
                                                                                                                           ('19', NOW(), '2024-01-19 10:00:00+00', '10', 'Main Stage', '2024-01-19 09:00:00+00', 'Closing Ceremony', NOW()),
                                                                                                                           ('20', NOW(), '2024-01-19 12:00:00+00', '10', 'Main Stage', '2024-01-19 11:00:00+00', 'Farewell Networking', NOW());